"microsim.init.id","microsim.init.sex","microsim.init.age","microsim.init.race","microsim.roles.employment.status","microsim.roles.parenthood.status","microsim.roles.marital.status","microsim.init.education","microsim.init.income","microsim.init.drinkingstatus","microsim.init.drink.frequency","microsim.init.heavy.episodic.drinking","microsim.init.gpd","microsim.init.drinks.per.month"
1,0,12,"BLA",0,0,0,"highschool","X0",0,1,0,0,0
2,0,13,"BLA",0,0,0,"highschool","X0",0,1,0,0,0
3,0,13,"BLA",0,0,0,"highschool","X0",1,3,0,0.933333333333333,2
4,0,13,"BLA",0,0,0,"highschool","X0",0,1,0,0,0
5,0,15,"BLA",0,0,0,"highschool","X0",0,1,0,0,0
6,0,16,"BLA",0,0,0,"highschool","X0",0,1,0,0,0
7,0,18,"BLA",0,0,0,"highschool","X1",0,1,0,0,0
8,0,21,"BLA",1,1,1,"highschool","X7",1,2,0,0.466666666666667,1
9,0,23,"BLA",1,0,0,"collegeplus","X7",0,1,0,0,0
10,0,23,"BLA",1,1,1,"somecollege","X6",1,2,0,0.466666666666667,1
11,0,23,"BLA",0,1,1,"highschool","X2",0,1,0,0,0
12,0,27,"BLA",1,1,1,"highschool","X6",1,2,0,0.933333333333333,2
13,0,27,"BLA",1,1,0,"highschool","X3",0,1,0,0,0
14,0,30,"BLA",1,1,0,"highschool","X1",0,1,0,0,0
15,0,29,"BLA",1,1,1,"highschool","X7",1,1,0,0,0
16,0,29,"BLA",1,1,1,"highschool","X7",1,1,0,0,0
17,0,29,"BLA",0,1,1,"collegeplus","X7",1,3,0,0.933333333333333,2
18,0,29,"BLA",1,1,1,"highschool","X3",0,1,0,0,0
19,0,30,"BLA",1,0,1,"collegeplus","X6",1,2,0,0.466666666666667,1
20,0,29,"BLA",1,1,1,"highschool","X7",1,1,0,0,0
21,0,29,"BLA",1,1,0,"highschool","X3",1,3,0,1.86666666666667,4
22,0,33,"BLA",0,1,1,"highschool","X3",0,1,0,0,0
23,0,34,"BLA",1,1,1,"highschool","X3",1,2,0,0.466666666666667,1
24,0,32,"BLA",0,1,0,"highschool","X1",1,2,0,0.466666666666667,1
25,0,31,"BLA",0,1,0,"highschool","X1",1,3,0,3.73333333333333,8
26,0,37,"BLA",1,1,1,"highschool","X6",1,4,0,1.4,3
27,0,36,"BLA",1,1,0,"highschool","X3",0,1,0,0,0
28,0,39,"BLA",0,1,1,"highschool","X3",1,7,0,70,150
29,0,38,"BLA",1,1,1,"highschool","X6",1,4,0,1.4,3
30,0,40,"BLA",1,1,1,"collegeplus","X7",0,1,0,0,0
31,0,40,"BLA",0,1,0,"highschool","X1",1,2,0,0.933333333333333,2
32,0,40,"BLA",1,1,1,"collegeplus","X6",1,2,0,1.4,3
33,0,40,"BLA",1,1,1,"collegeplus","X6",1,2,0,1.4,3
34,0,42,"BLA",1,1,1,"collegeplus","X6",1,2,0,1.4,3
35,0,41,"BLA",1,1,1,"highschool","X2",0,1,0,0,0
36,0,48,"BLA",0,0,1,"highschool","X3",1,3,0,0.933333333333333,2
37,0,55,"BLA",0,1,1,"highschool","X1",1,2,0,0.466666666666667,1
38,0,55,"BLA",1,1,0,"highschool","X4",1,3,0,0.933333333333333,2
39,0,57,"BLA",1,0,0,"highschool","X1",0,1,0,0,0
40,0,56,"BLA",1,0,0,"highschool","X1",0,1,0,0,0
41,0,60,"BLA",1,0,1,"highschool","X2",0,1,0,0,0
42,0,76,"BLA",1,0,0,"highschool","X1",0,1,0,0,0
43,0,75,"BLA",0,0,0,"highschool","X2",1,1,0,0,0
44,0,73,"BLA",0,0,0,"highschool","X2",0,1,0,0,0
45,0,72,"BLA",0,0,0,"highschool","X2",0,1,0,0,0
46,0,67,"BLA",1,0,0,"highschool","X1",0,1,0,0,0
47,0,69,"BLA",1,0,1,"highschool","X2",0,1,0,0,0
48,0,71,"BLA",0,0,0,"highschool","X3",0,1,0,0,0
49,0,63,"BLA",1,0,0,"highschool","X1",0,1,0,0,0
50,1,12,"BLA",0,0,0,"highschool","X0",0,1,0,0,0
51,1,13,"BLA",0,0,0,"highschool","X0",1,4,0,1.4,3
52,1,17,"BLA",0,0,0,"highschool","X0",0,1,0,0,0
53,1,17,"BLA",0,0,0,"highschool","X0",0,1,0,0,0
54,1,15,"BLA",0,0,0,"highschool","X0",1,5,0,9.8,21
55,1,14,"BLA",0,0,0,"highschool","X0",1,1,0,0,0
56,1,16,"BLA",0,0,0,"highschool","X0",1,1,0,0,0
57,1,18,"BLA",1,0,0,"highschool","X1",1,6,0,0,0
58,1,21,"BLA",1,0,0,"somecollege","X2",1,4,0,2.8,6
59,1,21,"BLA",0,1,0,"highschool","X1",0,1,0,0,0
60,1,23,"BLA",0,0,0,"highschool","X2",1,2,0,0,0
61,1,23,"BLA",1,1,1,"highschool","X4",0,1,0,0,0
62,1,27,"BLA",0,0,0,"collegeplus","X5",1,5,0,4.66666666666667,10
63,1,27,"BLA",1,1,0,"highschool","X4",1,5,2,2.8,6
64,1,27,"BLA",1,1,0,"highschool","X5",1,4,1,11.2,24
65,1,26,"BLA",1,0,0,"highschool","X4",1,1,0,0,0
66,1,27,"BLA",1,1,0,"highschool","X5",1,4,1,11.2,24
67,1,26,"BLA",0,0,0,"collegeplus","X5",1,5,0,4.66666666666667,10
68,1,30,"BLA",1,0,1,"highschool","X3",1,5,0,7.46666666666667,16
69,1,29,"BLA",1,0,1,"highschool","X3",1,5,0,7.46666666666667,16
70,1,33,"BLA",1,1,1,"highschool","X4",1,6,0,9.33333333333333,20
71,1,31,"BLA",1,1,1,"highschool","X3",1,1,0,0,0
72,1,33,"BLA",1,1,0,"highschool","X4",1,6,0,0,0
73,1,34,"BLA",1,1,1,"highschool","X4",1,2,0,0,0
74,1,39,"BLA",1,1,1,"somecollege","X5",1,2,0,0,0
75,1,38,"BLA",1,1,0,"highschool","X6",1,6,4,35,75
76,1,37,"BLA",0,0,0,"highschool","X2",1,3,0,1.86666666666667,4
77,1,36,"BLA",1,0,0,"collegeplus","X7",1,6,15,28,60
78,1,39,"BLA",1,1,0,"highschool","X6",1,6,4,35,75
79,1,35,"BLA",0,0,0,"highschool","X2",1,3,0,1.86666666666667,4
80,1,42,"BLA",1,0,1,"somecollege","X5",1,6,3,14,30
81,1,41,"BLA",1,1,1,"highschool","X6",1,5,0,7,15
82,1,40,"BLA",1,1,1,"highschool","X6",1,5,0,7,15
83,1,48,"BLA",1,1,1,"highschool","X6",1,5,2,18.6666666666667,40
84,1,48,"BLA",1,1,0,"highschool","X3",0,1,0,0,0
85,1,47,"BLA",0,0,0,"highschool","X3",1,3,0,0.933333333333333,2
86,1,49,"BLA",1,1,1,"somecollege","X6",1,2,0,0.466666666666667,1
87,1,53,"BLA",1,1,0,"highschool","X7",0,1,0,0,0
88,1,50,"BLA",1,1,0,"highschool","X7",0,1,0,0,0
89,1,52,"BLA",0,0,0,"somecollege","X3",1,2,1,1.86666666666667,4
90,1,56,"BLA",1,1,1,"highschool","X7",1,2,0,0.466666666666667,1
91,1,61,"BLA",0,0,1,"highschool","X1",0,1,0,0,0
92,1,62,"BLA",0,0,0,"highschool","X1",0,1,0,0,0
93,1,72,"BLA",0,0,0,"highschool","X1",0,1,0,0,0
94,1,63,"BLA",0,0,1,"highschool","X4",0,1,0,0,0
95,1,70,"BLA",0,0,1,"highschool","X4",0,1,0,0,0
96,0,19,"OTH",1,0,0,"highschool","X6",1,4,0,3.73333333333333,8
97,0,19,"OTH",0,0,0,"highschool","X6",1,6,4,28,60
98,0,18,"OTH",1,0,0,"highschool","X6",1,4,0,3.73333333333333,8
99,0,18,"OTH",0,1,1,"highschool","X3",0,1,0,0,0
100,0,18,"OTH",0,0,0,"somecollege","X1",1,1,0,0,0
101,0,22,"OTH",1,0,0,"somecollege","X7",1,3,0,0.933333333333333,2
102,0,20,"OTH",1,0,0,"somecollege","X7",1,3,0,0.933333333333333,2
103,0,26,"OTH",1,1,0,"highschool","X3",1,3,0,0.933333333333333,2
104,0,32,"OTH",0,1,1,"highschool","X5",1,1,0,0,0
105,0,34,"OTH",1,1,1,"somecollege","X6",1,2,0,0.466666666666667,1
106,0,37,"OTH",1,0,0,"collegeplus","X6",1,1,0,0,0
107,0,39,"OTH",0,1,1,"somecollege","X7",1,4,0,5.6,12
108,0,59,"OTH",0,1,0,"somecollege","X2",1,5,0,9.8,21
109,0,60,"OTH",0,0,1,"highschool","X1",0,1,0,0,0
110,0,77,"OTH",0,0,0,"highschool","X1",0,1,0,0,0
111,0,62,"OTH",0,0,0,"highschool","X1",0,1,0,0,0
112,1,17,"OTH",0,0,0,"highschool","X0",1,5,2,7,15
113,1,18,"OTH",1,0,0,"highschool","X6",1,6,3,14,30
114,1,20,"OTH",0,0,0,"highschool","X3",0,1,0,0,0
115,1,22,"OTH",0,1,1,"highschool","X7",1,3,2,8.4,18
116,1,22,"OTH",0,0,0,"highschool","X3",0,1,0,0,0
117,1,21,"OTH",0,1,1,"highschool","X7",1,3,2,8.4,18
118,1,29,"OTH",1,1,1,"highschool","X6",0,1,0,0,0
119,1,34,"OTH",1,1,1,"somecollege","X4",1,5,0,7.46666666666667,16
120,1,33,"OTH",1,1,1,"collegeplus","X6",1,1,0,0,0
121,1,39,"OTH",1,1,1,"highschool","X3",1,3,0,1.86666666666667,4
122,1,54,"OTH",1,1,1,"highschool","X3",1,1,0,0,0
123,1,55,"OTH",1,1,1,"highschool","X3",1,1,0,0,0
124,1,73,"OTH",0,0,1,"highschool","X1",0,1,0,0,0
125,1,68,"OTH",0,0,1,"highschool","X1",0,1,0,0,0
126,1,71,"OTH",1,0,1,"highschool","X2",1,5,1,9.33333333333333,20
127,0,12,"SPA",0,0,0,"highschool","X0",1,1,0,0,0
128,0,13,"SPA",0,0,0,"highschool","X0",0,1,0,0,0
129,0,13,"SPA",0,0,0,"highschool","X0",0,1,0,0,0
130,0,12,"SPA",0,0,0,"highschool","X0",0,1,0,0,0
131,0,13,"SPA",0,0,0,"highschool","X0",1,3,1,6.53333333333333,14
132,0,15,"SPA",0,0,0,"highschool","X0",1,2,0,0.466666666666667,1
133,0,17,"SPA",0,0,0,"highschool","X0",0,1,0,0,0
134,0,15,"SPA",0,0,0,"highschool","X0",0,1,0,0,0
135,0,17,"SPA",0,0,0,"highschool","X0",1,4,0,1.4,3
136,0,14,"SPA",0,0,0,"highschool","X0",1,2,0,0.466666666666667,1
137,0,22,"SPA",0,0,0,"somecollege","X1",1,2,0,0.933333333333333,2
138,0,21,"SPA",0,1,1,"highschool","X1",0,1,0,0,0
139,0,24,"SPA",0,1,1,"highschool","X2",1,2,0,0,0
140,0,27,"SPA",1,1,1,"somecollege","X5",1,5,0,4.66666666666667,10
141,0,25,"SPA",1,1,1,"highschool","X4",1,1,0,0,0
142,0,26,"SPA",1,1,1,"highschool","X4",1,1,0,0,0
143,0,27,"SPA",0,1,1,"somecollege","X5",0,1,0,0,0
144,0,27,"SPA",0,0,0,"somecollege","X2",1,3,0,1.86666666666667,4
145,0,26,"SPA",1,1,1,"somecollege","X5",1,5,0,4.66666666666667,10
146,0,30,"SPA",0,1,1,"highschool","X6",1,7,0,0,0
147,0,30,"SPA",0,1,1,"highschool","X6",1,7,0,0,0
148,0,33,"SPA",1,1,0,"highschool","X1",1,2,0,0.466666666666667,1
149,0,39,"SPA",0,1,0,"highschool","X1",1,2,0,1.4,3
150,0,38,"SPA",1,1,1,"highschool","X5",0,1,0,0,0
151,0,37,"SPA",0,1,1,"highschool","X2",1,1,0,0,0
152,0,40,"SPA",0,1,1,"highschool","X6",0,1,0,0,0
153,0,40,"SPA",0,0,0,"highschool","X1",1,3,0,1.86666666666667,4
154,0,49,"SPA",0,1,1,"highschool","X2",1,1,0,0,0
155,0,46,"SPA",1,0,1,"highschool","X2",1,5,0,13.0666666666667,28
156,0,59,"SPA",0,0,0,"highschool","X1",0,1,0,0,0
157,0,57,"SPA",1,0,1,"highschool","X6",1,1,0,0,0
158,0,51,"SPA",1,0,1,"highschool","X6",1,1,0,0,0
159,0,50,"SPA",0,0,0,"highschool","X1",0,1,0,0,0
160,0,55,"SPA",0,0,0,"highschool","X1",0,1,0,0,0
161,0,50,"SPA",1,1,1,"highschool","X4",0,1,0,0,0
162,0,68,"SPA",1,0,0,"somecollege","X7",1,5,0,4.66666666666667,10
163,0,63,"SPA",1,0,0,"somecollege","X7",1,5,0,4.66666666666667,10
164,0,68,"SPA",1,0,0,"somecollege","X7",1,5,0,4.66666666666667,10
165,0,78,"SPA",1,0,0,"highschool","X2",1,1,0,0,0
166,1,12,"SPA",0,0,0,"highschool","X0",0,1,0,0,0
167,1,13,"SPA",0,0,0,"highschool","X0",1,1,0,0,0
168,1,17,"SPA",0,0,0,"highschool","X0",1,4,0,7.46666666666667,16
169,1,16,"SPA",0,0,0,"highschool","X0",1,5,2,7,15
170,1,14,"SPA",0,0,0,"highschool","X0",1,5,3,28,60
171,1,22,"SPA",1,0,0,"highschool","X6",0,1,0,0,0
172,1,20,"SPA",1,0,0,"highschool","X6",0,1,0,0,0
173,1,21,"SPA",1,0,0,"somecollege","X7",1,6,1,13.0666666666667,28
174,1,22,"SPA",1,0,0,"highschool","X6",1,7,10,14,30
175,1,23,"SPA",1,0,0,"collegeplus","X4",1,6,5,37.3333333333333,80
176,1,24,"SPA",1,1,0,"highschool","X2",1,5,0,5.6,12
177,1,23,"SPA",1,0,0,"highschool","X2",1,5,2,6.53333333333333,14
178,1,24,"SPA",1,0,0,"highschool","X2",1,6,15,84,180
179,1,25,"SPA",1,1,1,"somecollege","X6",1,2,0,0.933333333333333,2
180,1,25,"SPA",1,0,0,"highschool","X3",1,3,0,0.933333333333333,2
181,1,28,"SPA",1,1,1,"somecollege","X6",1,2,0,0.933333333333333,2
182,1,27,"SPA",1,1,1,"highschool","X6",0,1,0,0,0
183,1,30,"SPA",1,1,1,"highschool","X1",1,3,0,1.86666666666667,4
184,1,30,"SPA",0,1,1,"highschool","X1",1,7,30,0,0
185,1,33,"SPA",1,1,1,"somecollege","X6",1,4,1,1.4,3
186,1,33,"SPA",1,1,1,"somecollege","X6",1,4,1,1.4,3
187,1,32,"SPA",1,1,1,"somecollege","X6",1,4,1,1.4,3
188,1,31,"SPA",1,1,1,"highschool","X2",1,5,0,14,30
189,1,32,"SPA",1,1,1,"collegeplus","X5",1,7,0,56,120
190,1,32,"SPA",1,1,1,"somecollege","X5",1,6,0,18.6666666666667,40
191,1,36,"SPA",1,1,1,"collegeplus","X6",1,3,0,0.933333333333333,2
192,1,48,"SPA",1,1,1,"collegeplus","X7",1,5,0,4.66666666666667,10
193,1,47,"SPA",1,1,1,"highschool","X2",1,7,0,84,180
194,1,51,"SPA",1,1,1,"highschool","X2",1,5,0,9.8,21
195,1,52,"SPA",1,1,1,"highschool","X2",1,5,0,9.8,21
196,1,54,"SPA",1,1,1,"highschool","X2",1,5,0,9.8,21
197,1,70,"SPA",1,0,1,"highschool","X7",1,1,0,0,0
198,1,67,"SPA",0,1,1,"highschool","X1",1,2,0,0.466666666666667,1
199,1,73,"SPA",1,0,1,"highschool","X7",1,1,0,0,0
200,1,65,"SPA",1,0,1,"highschool","X7",1,1,0,0,0
201,1,76,"SPA",0,1,1,"highschool","X1",1,2,0,0.466666666666667,1
202,0,12,"WHI",0,0,0,"highschool","X0",0,1,0,0,0
203,0,12,"WHI",0,0,0,"highschool","X0",0,1,0,0,0
204,0,12,"WHI",0,0,0,"highschool","X0",0,1,0,0,0
205,0,13,"WHI",0,0,0,"highschool","X0",0,1,0,0,0
206,0,13,"WHI",0,0,0,"highschool","X0",0,1,0,0,0
207,0,13,"WHI",0,0,0,"highschool","X0",1,1,0,0,0
208,0,12,"WHI",0,0,0,"highschool","X0",0,1,0,0,0
209,0,13,"WHI",0,0,0,"highschool","X0",0,1,0,0,0
210,0,13,"WHI",0,0,0,"highschool","X0",1,2,0,0,0
211,0,13,"WHI",0,0,0,"highschool","X0",0,1,0,0,0
212,0,12,"WHI",0,0,0,"highschool","X0",0,1,0,0,0
213,0,12,"WHI",0,0,0,"highschool","X0",0,1,0,0,0
214,0,13,"WHI",0,0,0,"highschool","X0",0,1,0,0,0
215,0,12,"WHI",0,0,0,"highschool","X0",1,2,0,0.466666666666667,1
216,0,13,"WHI",0,0,0,"highschool","X0",1,2,0,0.933333333333333,2
217,0,12,"WHI",0,0,0,"highschool","X0",1,1,0,0,0
218,0,15,"WHI",0,0,0,"highschool","X0",1,4,0,7.46666666666667,16
219,0,14,"WHI",0,0,0,"highschool","X0",1,1,0,0,0
220,0,14,"WHI",0,0,0,"highschool","X0",0,1,0,0,0
221,0,14,"WHI",0,0,0,"highschool","X0",0,1,0,0,0
222,0,17,"WHI",0,0,0,"highschool","X0",1,1,0,0,0
223,0,16,"WHI",0,0,0,"highschool","X0",1,1,0,0,0
224,0,14,"WHI",0,0,0,"highschool","X0",0,1,0,0,0
225,0,16,"WHI",0,0,0,"highschool","X0",1,2,0,0.466666666666667,1
226,0,14,"WHI",0,0,0,"highschool","X0",0,1,0,0,0
227,0,15,"WHI",0,0,0,"highschool","X0",1,3,0,1.86666666666667,4
228,0,17,"WHI",0,0,0,"highschool","X0",1,1,0,0,0
229,0,16,"WHI",0,0,0,"highschool","X0",1,2,0,0.466666666666667,1
230,0,17,"WHI",0,0,0,"highschool","X0",1,3,0,1.86666666666667,4
231,0,15,"WHI",0,0,0,"highschool","X0",1,1,0,0,0
232,0,17,"WHI",0,0,0,"highschool","X0",0,1,0,0,0
233,0,15,"WHI",0,0,0,"highschool","X0",1,2,0,0.466666666666667,1
234,0,16,"WHI",0,0,0,"highschool","X0",1,5,2,9.33333333333333,20
235,0,17,"WHI",0,0,0,"highschool","X0",1,1,0,0,0
236,0,16,"WHI",0,0,0,"highschool","X0",1,4,3,1.4,3
237,0,16,"WHI",0,0,0,"highschool","X0",1,3,2,5.6,12
238,0,16,"WHI",0,0,0,"highschool","X0",1,1,0,0,0
239,0,17,"WHI",0,0,0,"highschool","X0",0,1,0,0,0
240,0,14,"WHI",0,0,0,"highschool","X0",1,2,1,2.33333333333333,5
241,0,14,"WHI",0,0,0,"highschool","X0",1,1,0,0,0
242,0,17,"WHI",0,0,0,"highschool","X0",1,4,1,5.6,12
243,0,14,"WHI",0,0,0,"highschool","X0",0,1,0,0,0
244,0,14,"WHI",0,0,0,"highschool","X0",1,3,0,2.8,6
245,0,15,"WHI",0,0,0,"highschool","X0",1,5,5,11.6666666666667,25
246,0,17,"WHI",0,0,0,"highschool","X0",0,1,0,0,0
247,0,15,"WHI",0,0,0,"highschool","X0",1,1,0,0,0
248,0,16,"WHI",0,0,0,"highschool","X0",1,1,0,0,0
249,0,17,"WHI",0,0,0,"highschool","X0",0,1,0,0,0
250,0,17,"WHI",0,0,0,"highschool","X0",0,1,0,0,0
251,0,16,"WHI",0,0,0,"highschool","X0",0,1,0,0,0
252,0,16,"WHI",0,0,0,"highschool","X0",0,1,0,0,0
253,0,16,"WHI",0,0,0,"highschool","X0",0,1,0,0,0
254,0,15,"WHI",0,0,0,"highschool","X0",0,1,0,0,0
255,0,15,"WHI",0,0,0,"highschool","X0",1,6,10,14,30
256,0,14,"WHI",0,0,0,"highschool","X0",1,3,0,0.933333333333333,2
257,0,16,"WHI",0,0,0,"highschool","X0",1,5,0,11.2,24
258,0,17,"WHI",0,0,0,"highschool","X0",1,1,0,0,0
259,0,14,"WHI",0,0,0,"highschool","X0",1,2,0,0.466666666666667,1
260,0,16,"WHI",0,0,0,"highschool","X0",1,1,0,0,0
261,0,19,"WHI",1,0,0,"highschool","X7",0,1,0,0,0
262,0,19,"WHI",1,0,1,"highschool","X2",1,1,0,0,0
263,0,18,"WHI",0,0,0,"highschool","X3",1,5,0,3.26666666666667,7
264,0,19,"WHI",1,0,0,"highschool","X7",1,2,0,0.466666666666667,1
265,0,18,"WHI",1,0,0,"highschool","X7",1,5,2,8.4,18
266,0,18,"WHI",1,0,0,"highschool","X7",1,2,0,0.466666666666667,1
267,0,19,"WHI",1,1,0,"highschool","X5",0,1,0,0,0
268,0,18,"WHI",1,0,0,"highschool","X5",1,3,0,2.8,6
269,0,18,"WHI",1,0,0,"highschool","X3",1,1,0,0,0
270,0,18,"WHI",0,0,0,"highschool","X3",1,2,0,0.466666666666667,1
271,0,19,"WHI",1,0,0,"highschool","X7",0,1,0,0,0
272,0,18,"WHI",1,0,0,"somecollege","X5",1,4,0,1.4,3
273,0,19,"WHI",1,0,0,"highschool","X7",1,1,0,0,0
274,0,18,"WHI",1,0,0,"highschool","X7",0,1,0,0,0
275,0,19,"WHI",1,0,0,"highschool","X6",1,6,11,9.33333333333333,20
276,0,19,"WHI",0,0,0,"highschool","X3",1,2,0,0.466666666666667,1
277,0,20,"WHI",1,1,1,"somecollege","X4",1,3,0,0.933333333333333,2
278,0,21,"WHI",1,0,0,"somecollege","X2",1,5,0,6.53333333333333,14
279,0,20,"WHI",1,0,1,"somecollege","X6",1,2,0,1.86666666666667,4
280,0,21,"WHI",0,0,0,"somecollege","X6",1,1,0,0,0
281,0,22,"WHI",0,0,0,"highschool","X3",1,1,0,0,0
282,0,21,"WHI",1,0,0,"somecollege","X4",1,1,0,0,0
283,0,21,"WHI",1,0,0,"highschool","X7",1,4,0,1.4,3
284,0,22,"WHI",1,0,0,"somecollege","X1",1,2,0,0,0
285,0,22,"WHI",0,0,0,"highschool","X3",1,1,0,0,0
286,0,21,"WHI",1,1,1,"highschool","X3",1,1,0,0,0
287,0,22,"WHI",1,0,0,"highschool","X4",1,6,0,14,30
288,0,22,"WHI",0,1,1,"highschool","X4",1,1,0,0,0
289,0,22,"WHI",1,0,1,"highschool","X5",1,4,0,2.8,6
290,0,21,"WHI",0,0,0,"somecollege","X4",1,1,0,0,0
291,0,21,"WHI",1,0,1,"highschool","X6",1,2,0,0.466666666666667,1
292,0,20,"WHI",0,0,0,"somecollege","X4",0,1,0,0,0
293,0,22,"WHI",1,0,0,"somecollege","X1",1,5,0,14,30
294,0,21,"WHI",1,0,1,"highschool","X1",1,3,0,1.86666666666667,4
295,0,21,"WHI",1,1,1,"highschool","X7",1,3,0,0.933333333333333,2
296,0,22,"WHI",0,1,1,"somecollege","X3",0,1,0,0,0
297,0,22,"WHI",1,0,1,"highschool","X3",1,4,0,1.4,3
298,0,24,"WHI",0,0,0,"collegeplus","X1",1,5,0,4.66666666666667,10
299,0,24,"WHI",1,0,0,"collegeplus","X7",1,6,1,9.33333333333333,20
300,0,24,"WHI",1,1,1,"highschool","X5",1,1,0,0,0
301,0,23,"WHI",0,0,1,"highschool","X4",1,2,0,0.933333333333333,2
302,0,24,"WHI",1,0,0,"highschool","X6",1,3,0,0,0
303,0,24,"WHI",1,1,1,"highschool","X6",0,1,0,0,0
304,0,24,"WHI",1,0,0,"highschool","X5",1,5,1,14,30
305,0,24,"WHI",1,1,1,"highschool","X5",1,5,3,12.1333333333333,26
306,0,24,"WHI",0,1,1,"highschool","X4",1,1,0,0,0
307,0,24,"WHI",0,1,1,"highschool","X7",1,1,0,0,0
308,0,24,"WHI",0,1,1,"highschool","X5",0,1,0,0,0
309,0,23,"WHI",1,0,1,"somecollege","X5",1,4,2,13.0666666666667,28
310,0,24,"WHI",1,0,0,"collegeplus","X7",1,7,6,28,60
311,0,23,"WHI",1,0,1,"highschool","X5",1,3,0,1.86666666666667,4
312,0,23,"WHI",1,0,0,"collegeplus","X7",1,5,1,4.66666666666667,10
313,0,23,"WHI",0,0,0,"highschool","X4",1,7,30,112,240
314,0,23,"WHI",1,0,0,"collegeplus","X6",1,3,0,0.933333333333333,2
315,0,28,"WHI",0,1,1,"highschool","X4",1,1,0,0,0
316,0,28,"WHI",0,0,0,"somecollege","X2",1,4,0,1.4,3
317,0,28,"WHI",0,1,1,"highschool","X3",1,1,0,0,0
318,0,28,"WHI",1,0,0,"somecollege","X7",1,2,0,0.466666666666667,1
319,0,26,"WHI",1,1,1,"somecollege","X5",1,3,0,0.933333333333333,2
320,0,27,"WHI",1,0,1,"somecollege","X6",1,2,0,0.933333333333333,2
321,0,28,"WHI",0,0,1,"highschool","X5",1,3,0,0,0
322,0,27,"WHI",1,1,0,"highschool","X3",1,1,0,0,0
323,0,28,"WHI",1,1,1,"highschool","X4",1,1,0,0,0
324,0,27,"WHI",1,0,0,"somecollege","X7",1,2,0,0.466666666666667,1
325,0,26,"WHI",1,0,1,"collegeplus","X6",0,1,0,0,0
326,0,27,"WHI",0,1,1,"highschool","X2",0,1,0,0,0
327,0,25,"WHI",1,0,1,"highschool","X6",1,5,0,4.66666666666667,10
328,0,25,"WHI",1,1,1,"somecollege","X6",0,1,0,0,0
329,0,26,"WHI",1,0,1,"collegeplus","X7",1,5,4,4.66666666666667,10
330,0,27,"WHI",0,1,1,"highschool","X4",1,1,0,0,0
331,0,28,"WHI",1,0,1,"collegeplus","X6",1,6,0,23.3333333333333,50
332,0,28,"WHI",1,1,0,"highschool","X7",1,6,4,112,240
333,0,27,"WHI",0,1,1,"highschool","X4",1,1,0,0,0
334,0,28,"WHI",0,1,1,"highschool","X6",1,1,0,0,0
335,0,28,"WHI",1,1,1,"highschool","X7",1,3,0,1.86666666666667,4
336,0,27,"WHI",1,1,1,"collegeplus","X7",0,1,0,0,0
337,0,25,"WHI",0,1,1,"collegeplus","X4",1,4,0,1.4,3
338,0,25,"WHI",1,0,0,"collegeplus","X7",1,2,0,0.466666666666667,1
339,0,27,"WHI",0,1,1,"highschool","X3",0,1,0,0,0
340,0,26,"WHI",1,0,0,"highschool","X2",1,6,0,9.33333333333333,20
341,0,27,"WHI",0,1,1,"highschool","X3",1,3,0,2.8,6
342,0,27,"WHI",0,1,1,"somecollege","X7",1,6,0,0,0
343,0,28,"WHI",0,1,1,"somecollege","X3",0,1,0,0,0
344,0,26,"WHI",1,1,1,"highschool","X4",1,4,1,7.46666666666667,16
345,0,26,"WHI",0,1,1,"collegeplus","X7",1,1,0,0,0
346,0,26,"WHI",0,1,1,"highschool","X2",1,3,0,0.933333333333333,2
347,0,28,"WHI",0,1,1,"highschool","X4",1,1,0,0,0
348,0,27,"WHI",0,0,1,"highschool","X3",1,1,0,0,0
349,0,29,"WHI",0,1,1,"highschool","X4",1,2,0,0.466666666666667,1
350,0,29,"WHI",1,1,1,"highschool","X3",1,1,0,0,0
351,0,29,"WHI",1,1,1,"highschool","X5",1,3,0,1.86666666666667,4
352,0,30,"WHI",1,1,1,"collegeplus","X7",1,3,0,0,0
353,0,30,"WHI",1,1,1,"somecollege","X5",1,4,0,3.73333333333333,8
354,0,30,"WHI",1,0,0,"collegeplus","X3",1,5,0,5.6,12
355,0,30,"WHI",1,1,1,"highschool","X4",0,1,0,0,0
356,0,30,"WHI",1,0,0,"somecollege","X7",1,4,0,1.4,3
357,0,29,"WHI",0,1,1,"somecollege","X7",1,2,0,0.466666666666667,1
358,0,29,"WHI",0,1,1,"collegeplus","X5",1,2,0,1.4,3
359,0,30,"WHI",0,1,1,"collegeplus","X5",1,2,0,1.4,3
360,0,30,"WHI",1,1,1,"highschool","X4",0,1,0,0,0
361,0,30,"WHI",1,1,0,"somecollege","X3",1,5,1,14,30
362,0,29,"WHI",1,1,1,"highschool","X4",0,1,0,0,0
363,0,30,"WHI",1,1,0,"somecollege","X7",1,2,0,0.466666666666667,1
364,0,30,"WHI",1,0,1,"somecollege","X6",1,4,0,2.8,6
365,0,29,"WHI",1,1,1,"collegeplus","X5",0,1,0,0,0
366,0,32,"WHI",0,1,1,"highschool","X5",1,1,0,0,0
367,0,33,"WHI",1,1,1,"highschool","X5",0,1,0,0,0
368,0,33,"WHI",1,0,1,"somecollege","X7",1,5,0,9.33333333333333,20
369,0,32,"WHI",1,1,1,"somecollege","X6",1,5,0,5.6,12
370,0,33,"WHI",1,1,1,"somecollege","X6",1,1,0,0,0
371,0,32,"WHI",0,1,1,"highschool","X1",0,1,0,0,0
372,0,31,"WHI",0,1,1,"highschool","X6",0,1,0,0,0
373,0,33,"WHI",1,1,0,"somecollege","X4",1,4,1,5.6,12
374,0,32,"WHI",1,1,1,"somecollege","X5",1,5,0,9.33333333333333,20
375,0,31,"WHI",0,1,1,"highschool","X5",1,4,0,1.4,3
376,0,31,"WHI",0,1,1,"highschool","X6",1,5,0,11.2,24
377,0,34,"WHI",0,1,1,"collegeplus","X3",1,2,0,0.466666666666667,1
378,0,32,"WHI",1,1,1,"collegeplus","X5",1,4,0,1.86666666666667,4
379,0,32,"WHI",0,1,1,"somecollege","X7",1,4,0,1.4,3
380,0,32,"WHI",0,1,1,"highschool","X4",1,1,0,0,0
381,0,33,"WHI",0,1,1,"somecollege","X7",1,3,2,6.53333333333333,14
382,0,34,"WHI",1,1,1,"highschool","X6",1,2,0,0.466666666666667,1
383,0,32,"WHI",0,1,1,"highschool","X7",1,1,0,0,0
384,0,33,"WHI",1,1,1,"somecollege","X4",0,1,0,0,0
385,0,33,"WHI",0,1,1,"highschool","X2",1,2,0,0.466666666666667,1
386,0,34,"WHI",0,1,1,"highschool","X6",1,4,0,7.46666666666667,16
387,0,31,"WHI",0,1,1,"highschool","X2",1,4,1,4.2,9
388,0,33,"WHI",0,1,1,"highschool","X6",1,4,0,7.46666666666667,16
389,0,34,"WHI",1,1,0,"highschool","X1",0,1,0,0,0
390,0,34,"WHI",1,1,1,"somecollege","X5",1,5,0,9.33333333333333,20
391,0,32,"WHI",1,1,1,"collegeplus","X6",1,2,0,0,0
392,0,31,"WHI",1,1,1,"highschool","X4",1,4,1,4.2,9
393,0,34,"WHI",0,1,1,"highschool","X3",1,1,0,0,0
394,0,32,"WHI",1,0,0,"collegeplus","X3",1,3,0,0.933333333333333,2
395,0,36,"WHI",0,1,1,"highschool","X4",1,3,0,0.933333333333333,2
396,0,38,"WHI",1,1,1,"collegeplus","X7",0,1,0,0,0
397,0,39,"WHI",0,1,1,"highschool","X7",1,5,0,11.2,24
398,0,37,"WHI",1,1,1,"highschool","X5",0,1,0,0,0
399,0,39,"WHI",1,1,1,"somecollege","X7",1,6,2,14,30
400,0,39,"WHI",1,1,1,"somecollege","X7",1,6,2,39.2,84
401,0,38,"WHI",1,1,1,"highschool","X7",1,4,0,1.4,3
402,0,36,"WHI",0,1,1,"collegeplus","X7",1,1,0,0,0
403,0,36,"WHI",1,1,1,"somecollege","X3",1,1,0,0,0
404,0,37,"WHI",1,0,1,"highschool","X7",1,5,0,7,15
405,0,37,"WHI",1,1,1,"somecollege","X7",1,2,0,0.933333333333333,2
406,0,37,"WHI",0,1,1,"highschool","X6",1,4,0,2.8,6
407,0,36,"WHI",1,0,0,"collegeplus","X3",1,5,0,7.46666666666667,16
408,0,38,"WHI",0,1,1,"highschool","X1",1,3,0,0.933333333333333,2
409,0,37,"WHI",1,1,0,"somecollege","X4",0,1,0,0,0
410,0,37,"WHI",1,1,1,"somecollege","X6",1,3,0,0.933333333333333,2
411,0,35,"WHI",0,0,0,"highschool","X3",0,1,0,0,0
412,0,38,"WHI",1,1,1,"collegeplus","X7",0,1,0,0,0
413,0,36,"WHI",1,1,1,"highschool","X3",1,4,0,2.8,6
414,0,35,"WHI",1,1,1,"highschool","X6",1,6,3,21,45
415,0,39,"WHI",0,0,1,"highschool","X1",0,1,0,0,0
416,0,37,"WHI",0,1,1,"highschool","X7",0,1,0,0,0
417,0,38,"WHI",0,1,1,"highschool","X3",0,1,0,0,0
418,0,37,"WHI",1,1,1,"somecollege","X7",1,6,2,39.2,84
419,0,38,"WHI",0,1,1,"highschool","X7",1,5,0,16.3333333333333,35
420,0,36,"WHI",1,1,1,"highschool","X7",1,2,0,0,0
421,0,36,"WHI",0,1,1,"highschool","X4",1,1,0,0,0
422,0,35,"WHI",0,1,1,"highschool","X5",1,2,0,0.933333333333333,2
423,0,38,"WHI",1,1,1,"highschool","X5",1,4,0,5.6,12
424,0,35,"WHI",1,1,1,"somecollege","X7",1,4,0,1.86666666666667,4
425,0,37,"WHI",1,1,1,"highschool","X5",1,4,0,5.6,12
426,0,36,"WHI",1,1,1,"somecollege","X7",1,6,2,14,30
427,0,35,"WHI",1,0,0,"collegeplus","X7",1,5,0,7.46666666666667,16
428,0,43,"WHI",1,1,1,"somecollege","X5",1,3,0,1.86666666666667,4
429,0,40,"WHI",0,1,1,"highschool","X3",1,1,0,0,0
430,0,40,"WHI",1,0,0,"somecollege","X4",1,5,0,9.33333333333333,20
431,0,40,"WHI",1,1,1,"somecollege","X6",1,2,0,0.933333333333333,2
432,0,44,"WHI",1,1,1,"highschool","X4",1,5,0,14,30
433,0,43,"WHI",1,1,1,"highschool","X6",1,3,0,1.86666666666667,4
434,0,40,"WHI",1,1,1,"highschool","X7",1,3,0,0.933333333333333,2
435,0,41,"WHI",0,1,1,"somecollege","X7",0,1,0,0,0
436,0,42,"WHI",1,1,1,"highschool","X7",1,1,0,0,0
437,0,41,"WHI",1,1,1,"collegeplus","X6",1,3,0,0.933333333333333,2
438,0,40,"WHI",0,1,1,"collegeplus","X6",1,5,0,9.33333333333333,20
439,0,41,"WHI",1,1,0,"highschool","X6",1,2,0,0.466666666666667,1
440,0,43,"WHI",1,1,1,"highschool","X6",1,3,0,1.86666666666667,4
441,0,42,"WHI",0,1,1,"highschool","X3",0,1,0,0,0
442,0,44,"WHI",0,1,1,"collegeplus","X4",0,1,0,0,0
443,0,43,"WHI",1,1,1,"highschool","X6",1,6,0,21,45
444,0,42,"WHI",1,1,1,"highschool","X6",1,6,0,21,45
445,0,44,"WHI",1,1,1,"somecollege","X5",1,6,1,28,60
446,0,42,"WHI",1,1,1,"somecollege","X5",0,1,0,0,0
447,0,41,"WHI",1,1,1,"highschool","X7",1,3,0,0,0
448,0,41,"WHI",1,1,1,"somecollege","X6",1,2,0,0.933333333333333,2
449,0,41,"WHI",1,1,1,"somecollege","X5",1,4,0,0,0
450,0,48,"WHI",1,0,1,"highschool","X5",1,6,5,0,0
451,0,48,"WHI",0,1,1,"highschool","X6",1,3,0,1.86666666666667,4
452,0,48,"WHI",1,1,1,"somecollege","X7",1,7,0,56,120
453,0,49,"WHI",1,1,1,"collegeplus","X4",1,1,0,0,0
454,0,49,"WHI",0,1,1,"highschool","X5",0,1,0,0,0
455,0,48,"WHI",1,1,1,"highschool","X1",0,1,0,0,0
456,0,47,"WHI",1,1,1,"collegeplus","X7",1,6,0,21,45
457,0,46,"WHI",1,0,1,"highschool","X7",0,1,0,0,0
458,0,48,"WHI",1,1,1,"highschool","X7",0,1,0,0,0
459,0,49,"WHI",1,1,1,"collegeplus","X3",1,2,0,1.4,3
460,0,47,"WHI",1,1,1,"collegeplus","X5",1,2,0,0.466666666666667,1
461,0,47,"WHI",1,0,1,"highschool","X6",1,2,0,1.4,3
462,0,47,"WHI",0,1,0,"collegeplus","X3",1,6,0,8.4,18
463,0,45,"WHI",1,0,0,"collegeplus","X4",1,5,0,14,30
464,0,45,"WHI",1,1,1,"somecollege","X1",1,1,0,0,0
465,0,49,"WHI",1,1,1,"collegeplus","X7",0,1,0,0,0
466,0,48,"WHI",0,1,1,"highschool","X4",0,1,0,0,0
467,0,46,"WHI",0,0,1,"highschool","X7",1,6,0,7,15
468,0,49,"WHI",1,1,1,"somecollege","X6",1,2,0,0.466666666666667,1
469,0,48,"WHI",0,1,1,"highschool","X6",1,5,0,7.46666666666667,16
470,0,48,"WHI",0,0,1,"highschool","X7",1,2,0,0.933333333333333,2
471,0,49,"WHI",0,1,1,"highschool","X4",1,1,0,0,0
472,0,47,"WHI",0,0,1,"highschool","X5",1,4,0,3.73333333333333,8
473,0,49,"WHI",0,0,0,"highschool","X1",0,1,0,0,0
474,0,45,"WHI",1,1,1,"somecollege","X5",1,4,1,7,15
475,0,45,"WHI",1,0,0,"highschool","X3",1,4,0,3.73333333333333,8
476,0,45,"WHI",1,1,1,"highschool","X6",1,2,0,0.466666666666667,1
477,0,54,"WHI",0,1,1,"highschool","X7",1,5,0,4.66666666666667,10
478,0,51,"WHI",1,1,1,"highschool","X6",1,1,0,0,0
479,0,58,"WHI",1,0,0,"highschool","X6",0,1,0,0,0
480,0,59,"WHI",1,0,1,"highschool","X7",0,1,0,0,0
481,0,55,"WHI",1,1,1,"highschool","X4",1,4,0,1.4,3
482,0,57,"WHI",0,0,1,"somecollege","X6",1,2,0,0,0
483,0,50,"WHI",1,0,1,"highschool","X7",1,4,0,3.73333333333333,8
484,0,50,"WHI",0,0,1,"somecollege","X6",1,2,0,0,0
485,0,59,"WHI",1,0,1,"highschool","X7",1,5,0,4.66666666666667,10
486,0,53,"WHI",1,0,1,"highschool","X4",1,2,0,0.466666666666667,1
487,0,51,"WHI",0,1,1,"highschool","X6",1,1,0,0,0
488,0,52,"WHI",0,0,0,"highschool","X3",1,5,10,14,30
489,0,58,"WHI",1,0,0,"highschool","X5",0,1,0,0,0
490,0,51,"WHI",0,1,1,"highschool","X2",0,1,0,0,0
491,0,57,"WHI",1,0,0,"highschool","X2",1,4,0,1.4,3
492,0,55,"WHI",1,0,0,"highschool","X4",1,3,0,1.86666666666667,4
493,0,52,"WHI",1,0,1,"highschool","X6",0,1,0,0,0
494,0,51,"WHI",0,0,1,"highschool","X3",0,1,0,0,0
495,0,52,"WHI",1,0,1,"highschool","X7",0,1,0,0,0
496,0,54,"WHI",1,1,1,"highschool","X6",1,1,0,0,0
497,0,52,"WHI",1,0,1,"highschool","X7",1,4,0,3.73333333333333,8
498,0,55,"WHI",1,0,1,"highschool","X7",1,7,0,56,120
499,0,59,"WHI",1,0,1,"highschool","X7",1,4,0,3.73333333333333,8
500,0,50,"WHI",0,0,1,"highschool","X6",0,1,0,0,0
501,0,54,"WHI",1,0,1,"highschool","X7",1,5,0,11.6666666666667,25
502,0,58,"WHI",0,0,1,"highschool","X2",0,1,0,0,0
503,0,54,"WHI",1,0,0,"highschool","X2",1,4,0,1.4,3
504,0,58,"WHI",0,0,0,"somecollege","X1",1,1,0,0,0
505,0,59,"WHI",1,1,1,"highschool","X7",0,1,0,0,0
506,0,53,"WHI",1,0,1,"highschool","X7",0,1,0,0,0
507,0,56,"WHI",1,0,1,"highschool","X6",1,5,0,0,0
508,0,59,"WHI",1,0,1,"somecollege","X4",0,1,0,0,0
509,0,52,"WHI",0,0,0,"somecollege","X1",1,1,0,0,0
510,0,57,"WHI",1,0,1,"highschool","X7",1,7,0,28,60
511,0,55,"WHI",0,1,1,"highschool","X2",0,1,0,0,0
512,0,50,"WHI",1,0,1,"highschool","X7",0,1,0,0,0
513,0,56,"WHI",1,1,1,"somecollege","X4",1,5,0,2.33333333333333,5
514,0,59,"WHI",0,0,1,"somecollege","X4",1,6,0,52.2666666666667,112
515,0,59,"WHI",1,0,1,"highschool","X7",0,1,0,0,0
516,0,54,"WHI",0,0,1,"highschool","X4",1,5,0,5.6,12
517,0,56,"WHI",1,1,1,"highschool","X7",0,1,0,0,0
518,0,50,"WHI",1,0,1,"highschool","X1",0,1,0,0,0
519,0,59,"WHI",1,0,1,"highschool","X5",0,1,0,0,0
520,0,51,"WHI",0,0,1,"highschool","X6",0,1,0,0,0
521,0,51,"WHI",0,0,1,"highschool","X3",0,1,0,0,0
522,0,58,"WHI",0,0,1,"highschool","X4",1,5,0,5.6,12
523,0,51,"WHI",1,0,0,"highschool","X2",1,4,0,1.4,3
524,0,57,"WHI",1,0,1,"highschool","X5",0,1,0,0,0
525,0,56,"WHI",1,0,1,"highschool","X7",0,1,0,0,0
526,0,55,"WHI",0,0,1,"collegeplus","X6",1,1,0,0,0
527,0,57,"WHI",0,0,0,"collegeplus","X5",1,4,0,1.4,3
528,0,54,"WHI",1,0,1,"collegeplus","X6",0,1,0,0,0
529,0,54,"WHI",1,0,0,"collegeplus","X4",0,1,0,0,0
530,0,53,"WHI",1,0,1,"highschool","X4",1,1,0,0,0
531,0,56,"WHI",1,1,1,"highschool","X7",0,1,0,0,0
532,0,58,"WHI",1,0,1,"highschool","X7",1,5,0,4.66666666666667,10
533,0,59,"WHI",1,0,1,"highschool","X7",1,5,0,4.66666666666667,10
534,0,55,"WHI",0,0,0,"highschool","X1",1,7,30,84,180
535,0,59,"WHI",1,0,0,"highschool","X2",1,4,0,1.4,3
536,0,62,"WHI",0,0,1,"highschool","X2",1,4,0,1.86666666666667,4
537,0,65,"WHI",0,0,1,"highschool","X3",1,6,0,0,0
538,0,78,"WHI",0,0,1,"highschool","X2",1,3,0,1.86666666666667,4
539,0,64,"WHI",0,0,1,"collegeplus","X4",1,1,0,0,0
540,0,70,"WHI",0,0,0,"collegeplus","X5",1,3,0,0,0
541,0,69,"WHI",1,0,1,"somecollege","X3",0,1,0,0,0
542,0,79,"WHI",0,0,1,"highschool","X1",1,1,0,0,0
543,0,65,"WHI",0,0,1,"highschool","X4",0,1,0,0,0
544,0,65,"WHI",0,0,1,"highschool","X1",0,1,0,0,0
545,0,60,"WHI",0,0,1,"highschool","X3",1,6,0,0,0
546,0,67,"WHI",0,0,0,"collegeplus","X5",1,3,0,0,0
547,0,67,"WHI",0,0,0,"highschool","X2",0,1,0,0,0
548,0,71,"WHI",0,0,1,"highschool","X1",0,1,0,0,0
549,0,66,"WHI",0,0,0,"highschool","X3",1,3,0,0.933333333333333,2
550,0,71,"WHI",0,0,1,"highschool","X3",0,1,0,0,0
551,0,66,"WHI",1,0,1,"somecollege","X3",0,1,0,0,0
552,0,79,"WHI",0,0,0,"highschool","X1",0,1,0,0,0
553,0,66,"WHI",0,0,0,"highschool","X5",1,1,0,0,0
554,0,79,"WHI",0,0,0,"highschool","X2",0,1,0,0,0
555,0,63,"WHI",0,0,0,"highschool","X5",1,1,0,0,0
556,0,73,"WHI",0,0,1,"highschool","X3",0,1,0,0,0
557,0,63,"WHI",0,0,1,"highschool","X1",1,2,0,0.933333333333333,2
558,0,73,"WHI",0,0,0,"highschool","X3",1,3,0,0.933333333333333,2
559,0,60,"WHI",0,0,1,"highschool","X6",1,7,0,14,30
560,0,73,"WHI",0,0,1,"highschool","X2",0,1,0,0,0
561,0,74,"WHI",0,0,1,"highschool","X7",1,5,0,2.33333333333333,5
562,0,62,"WHI",0,0,0,"highschool","X7",0,1,0,0,0
563,0,61,"WHI",0,0,1,"highschool","X1",0,1,0,0,0
564,0,78,"WHI",0,0,1,"somecollege","X1",0,1,0,0,0
565,0,67,"WHI",0,0,1,"highschool","X6",1,7,0,14,30
566,0,69,"WHI",0,0,1,"collegeplus","X7",1,1,0,0,0
567,0,60,"WHI",0,0,1,"highschool","X2",0,1,0,0,0
568,0,77,"WHI",0,0,1,"highschool","X1",0,1,0,0,0
569,0,65,"WHI",1,0,0,"highschool","X4",1,4,0,0,0
570,0,72,"WHI",0,0,0,"highschool","X3",1,1,0,0,0
571,0,71,"WHI",0,0,0,"highschool","X3",1,1,0,0,0
572,0,65,"WHI",0,0,1,"highschool","X3",0,1,0,0,0
573,0,62,"WHI",0,0,1,"highschool","X1",0,1,0,0,0
574,0,68,"WHI",0,0,1,"highschool","X1",0,1,0,0,0
575,0,64,"WHI",0,0,1,"highschool","X1",0,1,0,0,0
576,0,65,"WHI",0,0,1,"collegeplus","X7",1,1,0,0,0
577,0,74,"WHI",0,0,1,"highschool","X3",0,1,0,0,0
578,0,75,"WHI",0,0,1,"collegeplus","X6",1,3,0,0.933333333333333,2
579,0,63,"WHI",0,0,0,"highschool","X7",0,1,0,0,0
580,0,65,"WHI",0,0,1,"highschool","X1",1,3,0,0.933333333333333,2
581,0,75,"WHI",0,0,0,"highschool","X5",0,1,0,0,0
582,0,75,"WHI",0,0,0,"highschool","X7",0,1,0,0,0
583,0,75,"WHI",1,0,1,"somecollege","X3",0,1,0,0,0
584,0,65,"WHI",0,0,0,"highschool","X2",0,1,0,0,0
585,0,74,"WHI",0,0,0,"highschool","X3",1,1,0,0,0
586,0,73,"WHI",0,0,1,"highschool","X7",1,7,0,28,60
587,0,70,"WHI",0,0,1,"highschool","X1",1,1,0,0,0
588,0,67,"WHI",0,0,0,"highschool","X1",1,1,0,0,0
589,0,74,"WHI",0,0,0,"highschool","X7",0,1,0,0,0
590,0,67,"WHI",0,0,1,"highschool","X4",0,1,0,0,0
591,0,68,"WHI",0,0,0,"highschool","X3",0,1,0,0,0
592,0,62,"WHI",0,0,1,"highschool","X1",1,2,0,0.933333333333333,2
593,0,79,"WHI",0,0,1,"highschool","X7",1,5,0,7,15
594,0,69,"WHI",1,0,0,"somecollege","X2",1,4,0,3.73333333333333,8
595,0,72,"WHI",0,0,0,"highschool","X3",0,1,0,0,0
596,0,74,"WHI",0,0,1,"highschool","X3",0,1,0,0,0
597,0,66,"WHI",0,0,0,"highschool","X7",0,1,0,0,0
598,0,61,"WHI",1,0,1,"highschool","X3",0,1,0,0,0
599,0,77,"WHI",0,0,0,"highschool","X2",0,1,0,0,0
600,0,61,"WHI",0,0,0,"highschool","X1",0,1,0,0,0
601,0,69,"WHI",1,0,0,"highschool","X4",1,4,0,0,0
602,0,66,"WHI",0,1,0,"highschool","X1",0,1,0,0,0
603,0,73,"WHI",0,1,0,"highschool","X1",0,1,0,0,0
604,0,62,"WHI",0,0,1,"highschool","X2",0,1,0,0,0
605,0,61,"WHI",0,0,0,"highschool","X1",1,1,0,0,0
606,0,65,"WHI",0,0,1,"highschool","X3",1,6,0,0,0
607,0,72,"WHI",0,0,1,"highschool","X1",1,1,0,0,0
608,0,69,"WHI",0,0,0,"highschool","X1",1,2,0,0.933333333333333,2
609,0,75,"WHI",0,0,0,"highschool","X7",0,1,0,0,0
610,0,66,"WHI",0,0,1,"highschool","X6",1,7,0,14,30
611,0,68,"WHI",1,0,0,"highschool","X4",1,4,0,0,0
612,1,13,"WHI",0,0,0,"highschool","X0",1,2,0,0,0
613,1,12,"WHI",0,0,0,"highschool","X0",1,1,0,0,0
614,1,13,"WHI",0,0,0,"highschool","X0",0,1,0,0,0
615,1,13,"WHI",0,0,0,"highschool","X0",0,1,0,0,0
616,1,12,"WHI",0,0,0,"highschool","X0",1,3,0,0.933333333333333,2
617,1,12,"WHI",0,0,0,"highschool","X0",1,1,0,0,0
618,1,12,"WHI",0,0,0,"highschool","X0",0,1,0,0,0
619,1,12,"WHI",0,0,0,"highschool","X0",0,1,0,0,0
620,1,13,"WHI",0,0,0,"highschool","X0",0,1,0,0,0
621,1,12,"WHI",0,0,0,"highschool","X0",0,1,0,0,0
622,1,13,"WHI",0,0,0,"highschool","X0",0,1,0,0,0
623,1,12,"WHI",0,0,0,"highschool","X0",1,1,0,0,0
624,1,13,"WHI",0,0,0,"highschool","X0",1,1,0,0,0
625,1,12,"WHI",0,0,0,"highschool","X0",1,2,0,0,0
626,1,13,"WHI",0,0,0,"highschool","X0",1,4,0,1.4,3
627,1,15,"WHI",0,0,0,"highschool","X0",0,1,0,0,0
628,1,16,"WHI",0,0,0,"highschool","X0",1,1,0,0,0
629,1,15,"WHI",0,0,0,"highschool","X0",0,1,0,0,0
630,1,16,"WHI",0,0,0,"highschool","X0",0,1,0,0,0
631,1,17,"WHI",0,0,0,"highschool","X0",1,1,0,0,0
632,1,14,"WHI",0,0,0,"highschool","X0",1,4,2,11.2,24
633,1,16,"WHI",0,0,0,"highschool","X0",0,1,0,0,0
634,1,14,"WHI",0,0,0,"highschool","X0",1,4,0,1.4,3
635,1,17,"WHI",0,0,0,"highschool","X0",1,1,0,0,0
636,1,14,"WHI",0,0,0,"highschool","X0",1,2,1,0.933333333333333,2
637,1,16,"WHI",0,0,0,"highschool","X0",1,5,6,10.2666666666667,22
638,1,15,"WHI",0,0,0,"highschool","X0",1,6,8,28,60
639,1,17,"WHI",0,0,0,"highschool","X0",1,1,0,0,0
640,1,15,"WHI",0,0,0,"highschool","X0",0,1,0,0,0
641,1,16,"WHI",0,0,0,"highschool","X0",1,3,0,0.933333333333333,2
642,1,16,"WHI",0,0,0,"highschool","X0",0,1,0,0,0
643,1,15,"WHI",0,0,0,"highschool","X0",0,1,0,0,0
644,1,17,"WHI",0,0,0,"highschool","X0",1,4,0,3.73333333333333,8
645,1,17,"WHI",0,0,0,"highschool","X0",1,1,0,0,0
646,1,14,"WHI",0,0,0,"highschool","X0",0,1,0,0,0
647,1,15,"WHI",0,0,0,"highschool","X0",1,1,0,0,0
648,1,15,"WHI",0,0,0,"highschool","X0",1,4,0,1.4,3
649,1,14,"WHI",0,0,0,"highschool","X0",0,1,0,0,0
650,1,18,"WHI",0,0,0,"highschool","X6",0,1,0,0,0
651,1,19,"WHI",0,0,0,"highschool","X3",0,1,0,0,0
652,1,19,"WHI",1,0,0,"highschool","X7",0,1,0,0,0
653,1,18,"WHI",0,0,0,"highschool","X4",0,1,0,0,0
654,1,19,"WHI",1,0,0,"highschool","X7",1,4,0,5.6,12
655,1,18,"WHI",0,0,0,"highschool","X6",1,5,10,18.6666666666667,40
656,1,19,"WHI",1,0,0,"highschool","X6",1,3,0,0.933333333333333,2
657,1,19,"WHI",1,0,0,"highschool","X3",1,4,0,3.73333333333333,8
658,1,18,"WHI",1,0,0,"highschool","X5",1,1,0,0,0
659,1,19,"WHI",0,1,0,"highschool","X4",1,3,0,0.933333333333333,2
660,1,19,"WHI",0,0,0,"highschool","X6",1,5,10,18.6666666666667,40
661,1,19,"WHI",0,1,0,"somecollege","X6",1,6,7,35,75
662,1,18,"WHI",1,0,0,"highschool","X2",1,7,15,70,150
663,1,19,"WHI",1,1,0,"highschool","X7",1,6,20,116.666666666667,250
664,1,19,"WHI",1,0,0,"highschool","X7",1,3,1,2.8,6
665,1,18,"WHI",0,0,0,"highschool","X6",1,5,10,18.6666666666667,40
666,1,19,"WHI",0,0,0,"highschool","X6",1,5,10,18.6666666666667,40
667,1,19,"WHI",0,0,0,"highschool","X1",1,5,3,19.6,42
668,1,19,"WHI",1,0,0,"highschool","X6",1,5,1,3.73333333333333,8
669,1,18,"WHI",0,0,0,"highschool","X7",1,1,0,0,0
670,1,19,"WHI",1,0,0,"highschool","X6",1,6,5,35,75
671,1,19,"WHI",1,0,0,"highschool","X6",1,6,7,21,45
672,1,18,"WHI",0,0,0,"highschool","X5",1,2,0,1.4,3
673,1,18,"WHI",0,0,0,"highschool","X6",0,1,0,0,0
674,1,20,"WHI",1,0,0,"highschool","X6",1,4,3,4.2,9
675,1,20,"WHI",1,0,0,"somecollege","X7",1,1,0,0,0
676,1,20,"WHI",1,0,0,"somecollege","X6",1,2,1,1.86666666666667,4
677,1,21,"WHI",1,0,1,"highschool","X4",1,4,3,9.33333333333333,20
678,1,22,"WHI",0,0,0,"highschool","X2",1,4,0,0,0
679,1,20,"WHI",1,0,0,"somecollege","X6",1,5,2,14.9333333333333,32
680,1,22,"WHI",1,0,0,"somecollege","X4",1,7,4,56,120
681,1,20,"WHI",1,0,0,"highschool","X3",0,1,0,0,0
682,1,21,"WHI",1,0,0,"highschool","X1",1,4,0,1.4,3
683,1,20,"WHI",0,0,1,"highschool","X3",1,5,1,14,30
684,1,20,"WHI",1,0,0,"highschool","X7",1,5,0,16.8,36
685,1,21,"WHI",1,0,0,"highschool","X7",1,5,4,33.6,72
686,1,22,"WHI",0,0,0,"somecollege","X3",0,1,0,0,0
687,1,22,"WHI",0,0,0,"somecollege","X7",1,5,2,11.2,24
688,1,21,"WHI",1,0,1,"somecollege","X3",0,1,0,0,0
689,1,20,"WHI",1,0,0,"highschool","X3",1,5,0,9.33333333333333,20
690,1,21,"WHI",0,0,0,"highschool","X4",1,1,0,0,0
691,1,20,"WHI",0,0,0,"highschool","X1",1,1,0,0,0
692,1,20,"WHI",1,1,1,"highschool","X3",1,4,3,4.2,9
693,1,22,"WHI",1,0,0,"highschool","X4",1,4,4,5.6,12
694,1,21,"WHI",1,0,0,"highschool","X3",1,5,1,22.4,48
695,1,20,"WHI",1,0,0,"highschool","X6",1,6,5,9.33333333333333,20
696,1,22,"WHI",1,0,1,"somecollege","X2",0,1,0,0,0
697,1,20,"WHI",1,0,0,"collegeplus","X1",1,6,2,16.8,36
698,1,21,"WHI",0,0,0,"highschool","X7",1,5,1,9.33333333333333,20
699,1,21,"WHI",1,0,0,"highschool","X7",1,6,3,28,60
700,1,21,"WHI",0,0,0,"somecollege","X7",1,4,3,8.4,18
701,1,21,"WHI",0,0,0,"highschool","X5",1,5,0,8.4,18
702,1,21,"WHI",1,0,0,"highschool","X7",1,5,0,9.33333333333333,20
703,1,23,"WHI",1,0,0,"somecollege","X6",1,4,2,5.6,12
704,1,23,"WHI",1,0,0,"somecollege","X6",0,1,0,0,0
705,1,23,"WHI",1,0,0,"somecollege","X7",1,5,1,18.6666666666667,40
706,1,24,"WHI",1,0,0,"highschool","X5",1,5,2,19.6,42
707,1,24,"WHI",1,0,0,"somecollege","X6",1,4,2,5.6,12
708,1,23,"WHI",0,0,0,"highschool","X4",1,4,0,3.73333333333333,8
709,1,24,"WHI",1,0,0,"highschool","X6",1,5,1,28,60
710,1,23,"WHI",1,1,1,"somecollege","X3",1,5,3,33.6,72
711,1,24,"WHI",1,1,1,"highschool","X4",0,1,0,0,0
712,1,23,"WHI",1,1,1,"highschool","X6",1,4,1,2.8,6
713,1,23,"WHI",1,0,0,"highschool","X5",1,5,2,19.6,42
714,1,23,"WHI",1,0,0,"somecollege","X6",1,1,0,0,0
715,1,23,"WHI",1,1,1,"somecollege","X3",1,5,0,5.6,12
716,1,23,"WHI",1,1,1,"highschool","X4",0,1,0,0,0
717,1,24,"WHI",1,0,0,"highschool","X6",1,7,0,42,90
718,1,24,"WHI",1,0,0,"collegeplus","X6",1,5,3,19.6,42
719,1,23,"WHI",0,0,0,"highschool","X7",1,3,0,1.86666666666667,4
720,1,23,"WHI",1,1,1,"somecollege","X4",1,4,0,3.73333333333333,8
721,1,25,"WHI",1,0,0,"somecollege","X4",1,3,0,1.86666666666667,4
722,1,26,"WHI",1,1,0,"highschool","X6",1,4,1,11.2,24
723,1,26,"WHI",1,1,1,"highschool","X7",0,1,0,0,0
724,1,28,"WHI",0,0,0,"collegeplus","X1",1,5,2,4.66666666666667,10
725,1,25,"WHI",0,1,1,"highschool","X3",1,6,2,46.6666666666667,100
726,1,26,"WHI",1,0,0,"somecollege","X3",1,6,3,18.6666666666667,40
727,1,26,"WHI",0,0,0,"highschool","X5",1,7,30,14,30
728,1,26,"WHI",1,0,1,"collegeplus","X5",1,6,2,9.33333333333333,20
729,1,28,"WHI",1,1,1,"somecollege","X7",0,1,0,0,0
730,1,28,"WHI",0,1,1,"highschool","X4",1,3,0,1.86666666666667,4
731,1,27,"WHI",1,1,1,"collegeplus","X5",1,5,0,2.33333333333333,5
732,1,27,"WHI",0,1,1,"highschool","X4",1,3,0,1.86666666666667,4
733,1,27,"WHI",0,0,0,"highschool","X2",0,1,0,0,0
734,1,26,"WHI",1,0,0,"highschool","X4",1,6,5,42,90
735,1,26,"WHI",1,0,1,"collegeplus","X6",1,5,2,29.8666666666667,64
736,1,27,"WHI",1,0,1,"somecollege","X6",1,6,2,16.8,36
737,1,25,"WHI",1,1,1,"highschool","X3",1,5,0,4.66666666666667,10
738,1,25,"WHI",1,0,0,"collegeplus","X7",1,5,4,12.6,27
739,1,27,"WHI",1,1,1,"highschool","X3",1,5,2,9.8,21
740,1,25,"WHI",1,0,0,"collegeplus","X7",1,5,4,12.6,27
741,1,28,"WHI",1,1,1,"highschool","X4",1,6,0,7,15
742,1,28,"WHI",1,0,0,"highschool","X7",1,5,6,56,120
743,1,26,"WHI",1,0,1,"highschool","X5",1,2,1,1.4,3
744,1,26,"WHI",1,1,1,"highschool","X6",1,7,0,14,30
745,1,25,"WHI",1,0,0,"highschool","X3",1,6,9,29.8666666666667,64
746,1,28,"WHI",1,0,1,"collegeplus","X4",1,5,1,11.2,24
747,1,26,"WHI",1,0,1,"collegeplus","X6",1,4,3,7.46666666666667,16
748,1,28,"WHI",0,1,1,"highschool","X3",1,4,0,1.4,3
749,1,26,"WHI",1,1,1,"highschool","X2",1,2,0,0.466666666666667,1
750,1,27,"WHI",1,0,0,"collegeplus","X7",0,1,0,0,0
751,1,27,"WHI",1,1,0,"highschool","X6",1,4,1,11.2,24
752,1,27,"WHI",1,0,1,"collegeplus","X6",1,5,0,2.33333333333333,5
753,1,26,"WHI",1,0,0,"collegeplus","X1",1,5,1,3.73333333333333,8
754,1,30,"WHI",1,1,1,"highschool","X6",1,3,0,1.86666666666667,4
755,1,30,"WHI",1,0,0,"collegeplus","X7",1,1,0,0,0
756,1,29,"WHI",1,0,0,"collegeplus","X3",1,6,0,28,60
757,1,29,"WHI",1,1,1,"collegeplus","X1",1,4,0,7.46666666666667,16
758,1,29,"WHI",1,0,0,"highschool","X5",1,5,4,44.8,96
759,1,30,"WHI",1,1,1,"highschool","X6",1,3,0,1.86666666666667,4
760,1,30,"WHI",1,1,1,"collegeplus","X6",1,5,0,2.8,6
761,1,30,"WHI",1,1,1,"collegeplus","X3",1,3,0,1.86666666666667,4
762,1,29,"WHI",1,1,1,"collegeplus","X6",1,5,0,2.8,6
763,1,29,"WHI",1,1,1,"highschool","X5",1,4,0,2.8,6
764,1,30,"WHI",1,1,1,"collegeplus","X1",1,4,0,7.46666666666667,16
765,1,30,"WHI",1,1,1,"collegeplus","X5",1,1,0,0,0
766,1,31,"WHI",1,1,1,"somecollege","X5",1,2,0,1.4,3
767,1,31,"WHI",1,1,0,"highschool","X6",1,5,5,9.8,21
768,1,31,"WHI",0,1,1,"highschool","X6",0,1,0,0,0
769,1,34,"WHI",1,0,1,"highschool","X5",1,5,0,4.66666666666667,10
770,1,31,"WHI",1,0,1,"collegeplus","X7",1,2,0,0.466666666666667,1
771,1,31,"WHI",1,0,1,"highschool","X6",1,7,2,14,30
772,1,34,"WHI",1,1,1,"somecollege","X4",1,4,0,1.86666666666667,4
773,1,34,"WHI",1,1,1,"collegeplus","X4",1,7,1,0,0
774,1,31,"WHI",1,1,1,"highschool","X3",0,1,0,0,0
775,1,33,"WHI",0,1,1,"collegeplus","X3",1,6,1,23.3333333333333,50
776,1,34,"WHI",1,0,1,"collegeplus","X7",1,3,0,1.86666666666667,4
777,1,32,"WHI",0,0,0,"highschool","X3",1,1,0,0,0
778,1,33,"WHI",1,1,1,"collegeplus","X4",1,2,0,0.933333333333333,2
779,1,34,"WHI",1,1,1,"somecollege","X7",1,4,1,8.4,18
780,1,33,"WHI",1,1,0,"collegeplus","X7",1,7,5,84,180
781,1,33,"WHI",0,1,0,"highschool","X7",0,1,0,0,0
782,1,33,"WHI",1,1,1,"collegeplus","X5",1,5,0,4.66666666666667,10
783,1,33,"WHI",0,0,0,"highschool","X4",1,5,10,33.6,72
784,1,33,"WHI",1,1,1,"highschool","X3",1,6,3,9.33333333333333,20
785,1,32,"WHI",1,1,0,"highschool","X6",1,5,5,9.8,21
786,1,34,"WHI",1,0,1,"collegeplus","X7",1,3,0,1.86666666666667,4
787,1,31,"WHI",1,1,1,"collegeplus","X4",1,2,0,0.466666666666667,1
788,1,32,"WHI",1,1,1,"highschool","X4",0,1,0,0,0
789,1,31,"WHI",1,0,0,"somecollege","X7",1,1,0,0,0
790,1,32,"WHI",1,1,1,"somecollege","X6",1,6,10,18.6666666666667,40
791,1,33,"WHI",1,1,1,"highschool","X3",1,2,0,0.466666666666667,1
792,1,32,"WHI",1,1,1,"collegeplus","X6",1,5,2,9.33333333333333,20
793,1,31,"WHI",1,1,1,"highschool","X6",1,5,0,4.66666666666667,10
794,1,32,"WHI",1,0,1,"highschool","X3",1,7,25,84,180
795,1,32,"WHI",1,1,1,"collegeplus","X5",1,6,0,0,0
796,1,33,"WHI",1,1,1,"collegeplus","X6",1,6,1,28,60
797,1,33,"WHI",1,1,0,"collegeplus","X7",1,7,4,28,60
798,1,32,"WHI",1,1,1,"highschool","X7",1,5,2,14,30
799,1,34,"WHI",1,1,1,"collegeplus","X5",1,2,1,1.4,3
800,1,33,"WHI",1,1,0,"collegeplus","X7",1,7,4,28,60
801,1,32,"WHI",1,1,1,"highschool","X5",1,2,0,0.933333333333333,2
802,1,35,"WHI",1,0,0,"highschool","X7",1,2,0,0.466666666666667,1
803,1,35,"WHI",1,1,1,"highschool","X7",1,7,30,56,120
804,1,36,"WHI",1,1,1,"highschool","X6",0,1,0,0,0
805,1,37,"WHI",0,1,1,"somecollege","X5",1,5,0,4.66666666666667,10
806,1,36,"WHI",1,0,1,"somecollege","X7",1,6,4,11.6666666666667,25
807,1,39,"WHI",1,1,1,"highschool","X5",1,1,0,0,0
808,1,39,"WHI",1,1,1,"collegeplus","X7",1,4,0,5.6,12
809,1,36,"WHI",1,1,1,"highschool","X3",0,1,0,0,0
810,1,35,"WHI",1,1,1,"highschool","X5",1,3,1,2.8,6
811,1,37,"WHI",1,1,1,"highschool","X6",1,2,0,1.4,3
812,1,36,"WHI",1,1,1,"highschool","X6",1,5,3,13.0666666666667,28
813,1,35,"WHI",1,1,1,"highschool","X7",0,1,0,0,0
814,1,37,"WHI",1,0,0,"highschool","X7",1,2,0,0.466666666666667,1
815,1,38,"WHI",1,1,1,"highschool","X6",0,1,0,0,0
816,1,36,"WHI",1,1,1,"highschool","X6",1,5,3,13.0666666666667,28
817,1,35,"WHI",1,1,1,"highschool","X3",1,1,0,0,0
818,1,36,"WHI",1,1,1,"highschool","X6",1,2,0,1.4,3
819,1,39,"WHI",1,1,1,"highschool","X6",1,4,0,5.6,12
820,1,36,"WHI",1,1,1,"somecollege","X5",1,5,0,2.33333333333333,5
821,1,39,"WHI",1,1,1,"collegeplus","X7",1,1,0,0,0
822,1,39,"WHI",1,1,1,"collegeplus","X5",1,7,1,0,0
823,1,35,"WHI",1,1,1,"collegeplus","X7",1,5,0,8.4,18
824,1,36,"WHI",1,1,1,"highschool","X5",1,4,0,1.86666666666667,4
825,1,38,"WHI",1,1,1,"highschool","X6",0,1,0,0,0
826,1,37,"WHI",1,1,0,"somecollege","X7",1,6,0,21,45
827,1,39,"WHI",1,1,1,"highschool","X5",1,1,0,0,0
828,1,37,"WHI",1,1,1,"highschool","X3",0,1,0,0,0
829,1,37,"WHI",1,1,1,"highschool","X6",1,5,3,13.0666666666667,28
830,1,38,"WHI",0,0,0,"highschool","X3",0,1,0,0,0
831,1,39,"WHI",1,1,1,"somecollege","X5",1,5,0,4.66666666666667,10
832,1,38,"WHI",1,1,0,"highschool","X4",1,3,0,0.933333333333333,2
833,1,41,"WHI",1,1,1,"highschool","X5",0,1,0,0,0
834,1,40,"WHI",0,1,1,"highschool","X2",0,1,0,0,0
835,1,44,"WHI",1,1,1,"highschool","X6",1,4,2,3.73333333333333,8
836,1,40,"WHI",1,1,1,"highschool","X6",1,6,0,18.6666666666667,40
837,1,42,"WHI",0,1,1,"highschool","X1",0,1,0,0,0
838,1,43,"WHI",1,1,1,"collegeplus","X4",1,1,0,0,0
839,1,42,"WHI",1,0,1,"highschool","X4",1,6,0,14,30
840,1,40,"WHI",1,1,1,"highschool","X4",1,6,2,9.33333333333333,20
841,1,42,"WHI",1,0,1,"highschool","X4",1,5,2,14,30
842,1,41,"WHI",0,0,0,"highschool","X1",0,1,0,0,0
843,1,42,"WHI",1,1,1,"somecollege","X6",1,6,0,13.0666666666667,28
844,1,44,"WHI",1,1,1,"highschool","X3",0,1,0,0,0
845,1,44,"WHI",1,1,1,"highschool","X7",1,2,0,0.466666666666667,1
846,1,43,"WHI",1,1,1,"collegeplus","X7",1,5,0,4.66666666666667,10
847,1,44,"WHI",1,1,1,"highschool","X6",1,5,1,18.6666666666667,40
848,1,41,"WHI",1,1,1,"highschool","X6",1,5,1,18.6666666666667,40
849,1,42,"WHI",1,1,1,"collegeplus","X6",0,1,0,0,0
850,1,43,"WHI",1,1,1,"highschool","X4",0,1,0,0,0
851,1,44,"WHI",1,0,1,"highschool","X4",1,6,10,46.6666666666667,100
852,1,43,"WHI",1,1,1,"highschool","X6",1,6,0,18.6666666666667,40
853,1,44,"WHI",1,1,1,"collegeplus","X4",1,2,0,0.466666666666667,1
854,1,43,"WHI",1,0,1,"highschool","X4",1,3,0,1.86666666666667,4
855,1,41,"WHI",1,1,0,"collegeplus","X7",1,4,0,1.86666666666667,4
856,1,44,"WHI",0,0,0,"highschool","X3",0,1,0,0,0
857,1,43,"WHI",1,1,1,"collegeplus","X7",1,5,0,9.33333333333333,20
858,1,40,"WHI",1,1,1,"highschool","X4",1,6,18,50.4,108
859,1,40,"WHI",1,1,1,"somecollege","X7",1,5,0,18.6666666666667,40
860,1,40,"WHI",1,1,1,"highschool","X4",1,6,2,9.33333333333333,20
861,1,42,"WHI",1,1,1,"somecollege","X4",1,3,0,1.86666666666667,4
862,1,41,"WHI",1,1,1,"highschool","X7",1,6,1,13.0666666666667,28
863,1,41,"WHI",1,1,1,"highschool","X6",1,6,0,18.6666666666667,40
864,1,49,"WHI",1,1,1,"highschool","X5",0,1,0,0,0
865,1,49,"WHI",1,1,1,"somecollege","X5",1,5,0,9.33333333333333,20
866,1,48,"WHI",1,1,1,"collegeplus","X7",1,7,1,14,30
867,1,46,"WHI",1,0,1,"highschool","X5",1,4,0,1.86666666666667,4
868,1,45,"WHI",1,0,0,"highschool","X4",1,6,2,14,30
869,1,45,"WHI",1,1,1,"collegeplus","X7",1,7,0,14,30
870,1,45,"WHI",1,1,1,"collegeplus","X7",1,5,0,9.33333333333333,20
871,1,45,"WHI",0,1,1,"highschool","X2",1,1,0,0,0
872,1,47,"WHI",1,1,1,"highschool","X3",1,4,0,5.6,12
873,1,49,"WHI",1,0,0,"somecollege","X6",1,5,0,7,15
874,1,48,"WHI",1,0,1,"highschool","X7",0,1,0,0,0
875,1,46,"WHI",1,1,1,"highschool","X5",1,5,5,9.33333333333333,20
876,1,49,"WHI",1,1,1,"highschool","X4",1,2,0,0.466666666666667,1
877,1,49,"WHI",1,0,1,"collegeplus","X7",1,4,1,8.4,18
878,1,48,"WHI",1,0,1,"highschool","X4",1,3,0,2.8,6
879,1,48,"WHI",1,1,1,"collegeplus","X7",1,5,0,4.66666666666667,10
880,1,47,"WHI",1,1,0,"highschool","X5",1,7,1,14,30
881,1,47,"WHI",1,1,1,"somecollege","X5",1,3,0,0.933333333333333,2
882,1,47,"WHI",1,1,1,"highschool","X6",1,7,4,42,90
883,1,46,"WHI",1,1,1,"collegeplus","X5",1,5,10,37.3333333333333,80
884,1,47,"WHI",1,1,1,"highschool","X5",1,4,1,7,15
885,1,49,"WHI",1,1,1,"highschool","X7",1,6,22,41.0666666666667,88
886,1,52,"WHI",1,0,1,"highschool","X7",1,1,0,0,0
887,1,58,"WHI",1,0,1,"highschool","X4",1,1,0,0,0
888,1,53,"WHI",1,0,1,"somecollege","X7",1,3,0,0.933333333333333,2
889,1,52,"WHI",1,0,1,"highschool","X3",1,7,0,14,30
890,1,51,"WHI",1,0,0,"collegeplus","X6",1,2,0,0,0
891,1,51,"WHI",1,0,1,"highschool","X3",1,5,2,9.33333333333333,20
892,1,56,"WHI",1,0,1,"highschool","X7",1,1,0,0,0
893,1,57,"WHI",0,0,0,"somecollege","X7",1,6,3,11.6666666666667,25
894,1,56,"WHI",1,0,1,"highschool","X4",0,1,0,0,0
895,1,52,"WHI",1,0,1,"highschool","X4",1,1,0,0,0
896,1,50,"WHI",0,0,1,"highschool","X1",1,6,0,7,15
897,1,59,"WHI",0,0,1,"highschool","X1",0,1,0,0,0
898,1,55,"WHI",1,0,1,"collegeplus","X6",1,1,0,0,0
899,1,57,"WHI",0,0,1,"highschool","X7",1,7,0,0,0
900,1,53,"WHI",1,0,1,"highschool","X5",1,4,4,7.46666666666667,16
901,1,52,"WHI",1,0,1,"highschool","X4",1,1,0,0,0
902,1,57,"WHI",1,0,1,"highschool","X4",1,1,0,0,0
903,1,54,"WHI",1,1,1,"highschool","X4",1,4,0,1.4,3
904,1,59,"WHI",1,0,1,"highschool","X3",1,5,2,9.33333333333333,20
905,1,57,"WHI",1,1,1,"highschool","X5",1,4,1,11.2,24
906,1,52,"WHI",0,0,0,"somecollege","X7",1,6,3,11.6666666666667,25
907,1,51,"WHI",0,0,1,"highschool","X6",1,5,0,7,15
908,1,55,"WHI",1,0,0,"highschool","X4",1,4,4,11.2,24
909,1,55,"WHI",1,0,1,"highschool","X7",1,1,0,0,0
910,1,52,"WHI",1,0,1,"collegeplus","X7",1,4,0,3.73333333333333,8
911,1,54,"WHI",1,1,1,"highschool","X5",1,4,1,11.2,24
912,1,55,"WHI",1,1,1,"highschool","X6",0,1,0,0,0
913,1,55,"WHI",1,0,1,"highschool","X6",1,6,2,9.33333333333333,20
914,1,50,"WHI",1,1,1,"collegeplus","X6",1,6,0,7,15
915,1,52,"WHI",1,0,1,"collegeplus","X7",1,7,15,84,180
916,1,57,"WHI",0,0,1,"highschool","X7",1,5,0,14,30
917,1,51,"WHI",1,1,1,"collegeplus","X6",1,6,0,7,15
918,1,53,"WHI",1,0,1,"collegeplus","X7",1,7,15,84,180
919,1,53,"WHI",1,0,1,"somecollege","X7",1,6,0,18.6666666666667,40
920,1,54,"WHI",1,1,1,"collegeplus","X7",1,4,0,2.8,6
921,1,57,"WHI",1,0,1,"highschool","X3",1,7,0,0,0
922,1,55,"WHI",1,0,1,"collegeplus","X7",1,3,0,1.86666666666667,4
923,1,55,"WHI",1,1,1,"highschool","X6",0,1,0,0,0
924,1,50,"WHI",1,0,1,"highschool","X4",0,1,0,0,0
925,1,55,"WHI",1,0,1,"collegeplus","X7",1,4,1,5.6,12
926,1,55,"WHI",1,0,0,"collegeplus","X7",1,7,0,56,120
927,1,59,"WHI",1,1,1,"collegeplus","X6",1,5,0,5.6,12
928,1,55,"WHI",1,0,1,"highschool","X7",0,1,0,0,0
929,1,50,"WHI",0,0,0,"somecollege","X7",1,6,3,11.6666666666667,25
930,1,54,"WHI",1,1,1,"highschool","X2",0,1,0,0,0
931,1,51,"WHI",1,0,1,"highschool","X5",1,6,10,56,120
932,1,55,"WHI",1,0,1,"highschool","X6",1,6,2,9.33333333333333,20
933,1,58,"WHI",1,0,0,"collegeplus","X6",1,2,0,0,0
934,1,50,"WHI",1,0,1,"highschool","X5",1,1,0,0,0
935,1,50,"WHI",1,0,1,"somecollege","X7",1,6,0,18.6666666666667,40
936,1,70,"WHI",0,0,1,"highschool","X1",1,5,0,7,15
937,1,66,"WHI",0,0,0,"highschool","X1",0,1,0,0,0
938,1,80,"WHI",1,0,1,"collegeplus","X6",1,1,0,0,0
939,1,71,"WHI",1,0,0,"highschool","X4",1,1,0,0,0
940,1,75,"WHI",0,0,1,"highschool","X4",1,1,0,0,0
941,1,77,"WHI",0,0,0,"highschool","X1",1,4,0,3.73333333333333,8
942,1,65,"WHI",0,0,1,"highschool","X4",1,4,0,4.2,9
943,1,64,"WHI",0,0,1,"highschool","X2",1,7,0,56,120
944,1,67,"WHI",0,0,1,"somecollege","X3",1,3,0,1.86666666666667,4
945,1,75,"WHI",0,0,1,"highschool","X1",0,1,0,0,0
946,1,64,"WHI",0,0,1,"collegeplus","X3",0,1,0,0,0
947,1,74,"WHI",0,0,1,"highschool","X1",0,1,0,0,0
948,1,72,"WHI",0,0,1,"highschool","X1",0,1,0,0,0
949,1,65,"WHI",1,0,1,"highschool","X2",0,1,0,0,0
950,1,72,"WHI",1,0,1,"highschool","X5",0,1,0,0,0
951,1,62,"WHI",0,0,1,"highschool","X1",0,1,0,0,0
952,1,77,"WHI",1,0,1,"highschool","X6",1,7,1,0,0
953,1,77,"WHI",1,0,1,"somecollege","X7",1,2,0,0.933333333333333,2
954,1,78,"WHI",1,0,1,"highschool","X2",0,1,0,0,0
955,1,61,"WHI",1,0,1,"highschool","X2",0,1,0,0,0
956,1,65,"WHI",0,0,1,"somecollege","X7",1,7,0,14,30
957,1,64,"WHI",0,0,1,"highschool","X3",1,5,0,3.26666666666667,7
958,1,74,"WHI",0,0,1,"highschool","X2",0,1,0,0,0
959,1,60,"WHI",0,0,1,"highschool","X2",0,1,0,0,0
960,1,71,"WHI",0,0,1,"highschool","X7",1,7,0,28,60
961,1,69,"WHI",0,0,1,"highschool","X1",0,1,0,0,0
962,1,75,"WHI",1,0,1,"somecollege","X7",1,2,0,0.933333333333333,2
963,1,63,"WHI",1,0,1,"highschool","X6",1,7,1,0,0
964,1,74,"WHI",0,0,1,"somecollege","X6",1,5,0,11.2,24
965,1,67,"WHI",0,0,1,"highschool","X1",0,1,0,0,0
966,1,73,"WHI",0,0,1,"highschool","X5",1,4,0,1.4,3
967,1,61,"WHI",0,0,1,"highschool","X4",0,1,0,0,0
968,1,69,"WHI",1,0,1,"highschool","X2",1,3,0,1.86666666666667,4
969,1,79,"WHI",0,0,1,"somecollege","X3",1,7,1,28,60
970,1,73,"WHI",0,0,1,"highschool","X2",0,1,0,0,0
971,1,65,"WHI",0,0,1,"highschool","X3",1,5,0,3.26666666666667,7
972,1,78,"WHI",0,0,1,"collegeplus","X4",0,1,0,0,0
973,1,63,"WHI",0,0,1,"highschool","X1",1,1,0,0,0
974,1,66,"WHI",0,0,1,"highschool","X3",1,5,0,9.33333333333333,20
975,1,69,"WHI",1,0,1,"somecollege","X6",1,5,0,3.26666666666667,7
976,1,63,"WHI",0,0,1,"highschool","X2",1,1,0,0,0
977,1,69,"WHI",0,0,1,"highschool","X5",1,4,0,1.4,3
978,1,65,"WHI",1,0,0,"highschool","X4",1,1,0,0,0
979,1,65,"WHI",0,0,1,"somecollege","X6",1,5,0,11.2,24
980,1,64,"WHI",0,0,1,"collegeplus","X6",1,2,0,0,0
981,1,60,"WHI",1,0,1,"somecollege","X4",0,1,0,0,0
982,1,65,"WHI",0,0,1,"somecollege","X3",1,7,0,84,180
983,1,67,"WHI",1,0,1,"highschool","X1",0,1,0,0,0
984,1,67,"WHI",1,0,0,"highschool","X5",1,5,1,0,0
985,1,64,"WHI",0,0,1,"highschool","X4",1,1,0,0,0
986,1,79,"WHI",0,0,1,"highschool","X7",1,5,0,4.66666666666667,10
987,1,60,"WHI",0,0,1,"highschool","X7",1,5,0,4.66666666666667,10
988,1,64,"WHI",1,0,1,"highschool","X5",0,1,0,0,0
989,1,79,"WHI",1,0,1,"somecollege","X7",1,6,0,7,15
990,1,70,"WHI",1,0,1,"somecollege","X7",1,2,0,0.933333333333333,2
991,1,72,"WHI",0,0,1,"highschool","X1",0,1,0,0,0
992,1,71,"WHI",0,0,1,"highschool","X2",1,7,0,56,120
993,1,80,"WHI",0,0,0,"highschool","X2",0,1,0,0,0
994,1,72,"WHI",0,0,1,"highschool","X3",0,1,0,0,0
995,1,72,"WHI",0,0,1,"somecollege","X3",1,4,0,3.73333333333333,8
996,1,69,"WHI",1,0,1,"collegeplus","X7",1,5,0,14,30
997,1,70,"WHI",1,0,1,"highschool","X2",0,1,0,0,0
998,1,60,"WHI",0,0,1,"highschool","X4",1,1,0,0,0
999,1,61,"WHI",0,0,1,"somecollege","X3",1,3,0,1.86666666666667,4
1000,1,71,"WHI",1,0,1,"somecollege","X6",1,5,0,3.26666666666667,7
